{
  "batch_size": 0,
  "dropout": 0.06884581600857352,
  "epochs": 2,
  "lr": 0.0008997705869498619,
  "units": 2
}